City_ID,City,Lat,Lng,Max Temp,Humidity,Cloudiness,Wind Speed,Country,Date
0,saint croix,17.7397,-64.7388,28.25,65,75,6.69,VI,1709653758
1,klaksvik,62.2266,-6.589,7.51,87,100,15.26,FO,1709653830
2,bredy,52.4153,60.3411,-9.76,96,58,3.54,RU,1709653830
3,punta arenas,-53.15,-70.9167,14.01,82,75,3.6,CL,1709653831
4,grytviken,-54.2811,-36.5092,2.54,67,7,4.94,GS,1709653831
5,acapulco de juarez,16.8634,-99.8901,24.9,61,0,2.57,MX,1709653648
6,beau vallon,-20.4189,57.6953,27.13,78,75,2.57,MU,1709653831
7,blackmans bay,-43.0167,147.3167,11.96,87,2,0.89,AU,1709653831
8,tazovsky,67.4667,78.7,-20.72,92,98,6.1,RU,1709653831
9,kalmunai,7.4167,81.8167,26.19,77,98,2.63,LK,1709653831
10,waitangi,-43.9535,-176.5597,13.23,81,20,5.36,NZ,1709653832
11,puerto natales,-51.7236,-72.4875,11.25,66,0,1.54,CL,1709653580
12,edinburgh of the seven seas,-37.0676,-12.3116,17.93,75,75,1.42,SH,1709653832
13,egilsstadir,65.2653,-14.3948,2.95,93,75,1.03,IS,1709653832
14,pisco,-13.7,-76.2167,26.12,78,0,3.6,PE,1709653832
15,gizo,-8.103,156.8419,27.68,78,97,0.9,SB,1709653832
16,adamstown,-25.066,-130.1015,23.78,60,17,5.25,PN,1709653833
17,vorgashor,67.5833,63.95,-26.9,99,64,2.91,RU,1709653833
18,stanley,54.868,-1.6985,9.74,73,40,2.06,GB,1709653833
19,wailua homesteads,22.0669,-159.378,20.44,87,75,8.75,US,1709653833
20,chania,35.5122,24.0156,15.78,72,40,7.72,GR,1709653833
21,howard springs,-12.497,131.047,27.95,97,100,0.41,AU,1709653833
22,masterton,-40.9597,175.6575,10.06,97,71,1.57,NZ,1709653833
23,villa dolores,-31.9459,-65.1896,26.2,50,18,3.25,AR,1709653834
24,thompson,55.7435,-97.8558,-19.91,65,40,3.09,CA,1709653834
25,qashar,53.3906,62.9297,-10.12,98,38,2.28,KZ,1709653834
26,namibe,-15.1961,12.1522,26.05,72,6,3.8,AO,1709653834
27,xining,36.6167,101.7667,-4.18,60,100,1.36,CN,1709653834
28,fale old settlement,-9.3852,-171.2468,28.93,73,32,5.33,TK,1709653834
29,adigrat,14.277,39.462,20.85,44,94,0.66,ET,1709653835
30,ojuelos de jalisco,21.8667,-101.5833,16.9,21,10,2.41,MX,1709653584
31,port mathurin,-19.6833,63.4167,25.91,75,79,8.15,MU,1709653835
32,ilulissat,69.2167,-51.1,-10.99,62,40,3.09,GL,1709653835
33,debark',13.1561,37.8981,19.78,23,56,1.5,ET,1709653835
34,guiuan,11.0333,125.7247,27.22,76,17,4.24,PH,1709653835
35,sekong,-6.3996,106.0252,24.98,94,100,1.87,ID,1709653835
36,jamestown,42.097,-79.2353,17.77,60,35,3.13,US,1709653744
37,puerto deseado,-47.7503,-65.8938,14.5,65,100,12.58,AR,1709653836
38,isafjordur,66.0755,-23.124,6.02,56,75,3.09,IS,1709653836
39,sitka,57.0531,-135.33,-1.06,74,100,2.57,US,1709653836
40,bethel,41.3712,-73.414,7.05,86,100,4.12,US,1709653545
41,ust-nera,64.5667,143.2,-24.55,100,97,1.66,RU,1709653836
42,mugia,43.1041,-9.2179,14.39,67,26,6.86,ES,1709653836
43,nili,33.7218,66.1302,-2.31,88,97,0.68,AF,1709653836
44,yellowknife,62.456,-114.3525,-26.71,76,40,2.06,CA,1709653807
45,mogadishu,2.0371,45.3438,28.93,89,40,5.14,SO,1709653837
46,ketchikan,55.3422,-131.6461,-5.01,92,20,0.0,US,1709653606
47,lagunas,-5.2269,-75.6753,31.34,61,93,0.12,PE,1709653837
48,keflavik,64.0049,-22.5624,6.95,75,100,8.75,IS,1709653837
49,colonia,50.9333,6.95,10.16,81,75,1.03,DE,1709653782
50,nova sintra,14.8667,-24.7167,19.59,74,37,8.53,CV,1709653837
51,hammerfest,70.6634,23.6821,-0.75,80,75,0.0,NO,1709653837
52,ushuaia,-54.8,-68.3,13.81,51,0,7.72,AR,1709653837
53,tiksi,71.6872,128.8694,-20.77,100,100,2.55,RU,1709653837
54,mejit,10.2753,170.8646,26.52,76,97,11.45,MH,1709653838
55,nuku'alofa,-21.1333,-175.2,25.19,94,40,1.03,TO,1709653838
56,port-aux-francais,-49.35,70.2167,5.54,74,42,14.39,TF,1709653838
57,malakal,9.5334,31.6605,35.01,7,100,1.37,SS,1709653842
58,zalari,53.5584,102.5065,-11.37,98,100,0.99,RU,1709653842
59,ciudad lazaro cardenas,17.9583,-102.2,26.05,49,8,0.84,MX,1709653842
60,haiku-pauwela,20.9219,-156.3051,21.13,81,75,6.17,US,1709653842
61,hawaiian paradise park,19.5933,-154.9731,20.57,95,75,0.45,US,1709653842
62,touros,-5.1989,-35.4608,27.46,77,100,4.26,BR,1709653842
63,atar,20.5169,-13.0499,33.4,6,1,2.99,MR,1709653843
64,laguna,38.421,-121.4238,11.16,78,100,4.63,US,1709653843
65,port lincoln,-34.7333,135.8667,20.0,72,100,3.0,AU,1709653843
66,port elizabeth,-33.918,25.5701,21.16,73,20,14.4,ZA,1709653843
67,ulladulla,-35.35,150.4667,16.98,79,11,3.11,AU,1709653843
68,whitehorse,60.7161,-135.0538,-19.55,60,75,8.75,CA,1709653843
69,dudinka,69.4058,86.1778,-21.12,96,57,3.23,RU,1709653843
70,mount gambier,-37.8333,140.7667,13.38,69,21,0.15,AU,1709653844
71,whangarei,-35.7317,174.3239,13.45,84,93,1.61,NZ,1709653844
72,tsiombe,-25.3,45.4833,25.07,89,100,6.73,MG,1709653844
73,happy valley-goose bay,53.3168,-60.3315,-5.83,63,100,2.06,CA,1709653844
74,flying fish cove,-10.4217,105.6791,26.82,89,40,2.06,CX,1709653844
75,kavaratti,10.5669,72.642,28.0,67,64,4.6,IN,1709653845
76,mareeba,-17.0,145.4333,24.4,90,100,1.04,AU,1709653845
77,rabo de peixe,37.8,-25.5833,15.73,63,20,9.26,PT,1709653845
78,ancud,-41.8697,-73.8203,15.77,66,100,3.81,CL,1709653600
79,badger,64.8,-147.5333,-8.49,82,100,0.0,US,1709653845
80,santa sylvina,-27.8326,-61.1375,28.21,45,56,3.51,AR,1709653845
81,talnakh,69.4865,88.3972,-22.4,96,41,2.05,RU,1709653845
82,brisas de zicatela,15.8369,-97.0419,27.51,61,1,3.07,MX,1709653846
83,poronaysk,49.2167,143.1167,-20.42,94,28,1.49,RU,1709653846
84,khash,28.2211,61.2158,10.21,84,59,6.02,IR,1709653846
85,pangkalanbuun,-2.6833,111.6167,24.64,98,84,1.18,ID,1709653846
86,nogliki,51.8333,143.1667,-15.37,91,38,2.24,RU,1709653846
87,beykonak,36.3257,30.303,15.5,81,72,4.74,TR,1709653846
88,kamaishi,39.2667,141.8833,0.09,93,100,1.43,JP,1709653846
89,saipan,15.1355,145.701,26.39,83,40,4.63,MP,1709653847
90,chifeng,42.2683,118.9636,-5.5,43,92,3.33,CN,1709653847
91,qaqortoq,60.7167,-46.0333,-7.55,67,98,1.84,GL,1709653847
92,matabhanga,26.3333,89.2167,21.95,28,0,3.09,IN,1709653847
93,malmberget,67.1753,20.6549,-0.69,80,58,3.09,SE,1709653847
94,afaahiti,-17.75,-149.2833,25.93,80,47,5.39,PF,1709653847
95,margaret river,-33.95,115.0667,14.2,79,0,6.48,AU,1709653847
96,constitucion,-35.3333,-72.4167,20.17,59,6,4.19,CL,1709653595
97,mandiana,10.6333,-8.6833,40.21,7,13,2.74,GN,1709653848
98,rice lake,45.5061,-91.7382,1.47,45,0,2.57,US,1709653848
99,san antonio de pale,-1.4014,5.6325,28.04,81,89,6.79,GQ,1709653848
100,east london,-33.0153,27.9116,21.52,68,0,12.35,ZA,1709653800
101,papatowai,-46.5619,169.4708,8.94,83,88,4.82,NZ,1709653848
102,sao vicente,-23.9631,-46.3919,34.1,78,75,3.13,BR,1709653848
103,tura,25.5198,90.2201,18.09,25,0,0.76,IN,1709653848
104,highfields,-27.4518,151.9463,16.31,93,2,3.97,AU,1709653849
105,jiuquan,39.7432,98.5174,-1.55,48,62,2.69,CN,1709653849
106,marka,1.7159,44.7717,27.71,84,9,6.38,SO,1709653849
107,karad,17.2833,74.2,24.84,35,21,2.7,IN,1709653849
108,taoudenni,22.6783,-3.9836,31.41,6,4,5.34,ML,1709653849
109,magadan,59.5667,150.8,-15.14,79,99,3.79,RU,1709653849
110,miagao,10.6442,122.2352,26.02,69,1,2.77,PH,1709653849
111,opuwo,-18.0607,13.84,31.22,21,5,7.53,NA,1709653850
112,enewetak,11.3474,162.3373,25.94,80,100,11.21,MH,1709653850
113,korla,41.7597,86.1469,1.3,43,0,0.58,CN,1709653850
114,vilyuchinsk,52.9306,158.4028,-11.71,83,100,4.52,RU,1709653850
115,atafu village,-8.5421,-172.5159,28.75,76,71,4.91,TK,1709653850
116,kindu,-2.95,25.95,22.15,97,98,0.59,CD,1709653850
117,conde,-7.2597,-34.9075,26.7,78,40,4.12,BR,1709653850
118,cabo san lucas,22.8909,-109.9124,22.64,69,22,3.13,MX,1709653851
119,kormilovka,55.0026,74.1028,-7.47,95,100,4.67,RU,1709653851
120,harper,4.375,-7.7169,29.63,74,63,5.44,LR,1709653851
121,guiratinga,-16.3494,-53.7583,23.2,87,99,2.68,BR,1709653851
122,hebi,35.8992,114.1925,3.74,79,100,3.19,CN,1709653851
123,portland,45.5234,-122.6762,3.99,95,100,0.45,US,1709653270
124,qui nhon,13.7667,109.2333,23.91,93,1,2.46,VN,1709653851
125,acarau,-2.8856,-40.12,29.3,70,96,0.97,BR,1709653851
126,grand gaube,-20.0064,57.6608,27.22,83,100,0.45,MU,1709653852
127,waddan,29.1614,16.139,19.91,19,0,4.2,LY,1709653852
128,slave lake,55.2834,-114.769,-25.01,70,75,2.57,CA,1709653852
129,impfondo,1.6381,18.0667,37.89,27,94,0.55,CG,1709653852
130,yeniseysk,58.4497,92.1703,-5.03,90,100,3.13,RU,1709653852
131,rongelap,11.1635,166.8941,26.3,79,61,11.21,MH,1709653852
132,agat village,13.3886,144.6585,27.06,87,75,2.57,GU,1709653852
133,sisimiut,66.9395,-53.6735,-13.55,84,55,2.9,GL,1709653852
134,chonchi,-42.6128,-73.8092,16.56,48,100,1.1,CL,1709653853
135,hobyo,5.3505,48.5268,27.74,76,13,5.73,SO,1709653853
136,arteche,12.2645,125.4048,24.35,87,2,1.96,PH,1709653853
137,la passe,45.5549,-0.8967,9.45,79,82,7.55,FR,1709653853
138,pierre,44.3683,-100.351,4.36,61,0,6.17,US,1709653604
139,albany,42.6001,-73.9662,8.5,92,100,0.45,US,1709653674
140,qarazhal,48.0078,70.7903,-11.9,89,5,4.09,KZ,1709653853
141,klyuchi,52.2667,79.1667,-6.14,84,95,5.54,RU,1709653853
142,hermanus,-34.4187,19.2345,21.0,68,56,3.51,ZA,1709653854
143,kodinar,20.7903,70.7031,23.41,31,15,3.78,IN,1709653854
144,nafpaktos,38.3917,21.8275,15.07,76,93,3.47,GR,1709653854
145,el granada,37.5027,-122.4694,11.56,89,100,4.12,US,1709653854
146,lihue,21.9789,-159.3672,20.77,87,75,8.75,US,1709653842
147,valle de la pascua,9.2155,-66.0073,33.61,38,60,3.18,VE,1709653854
148,puerto ayora,-0.7393,-90.3518,27.98,91,30,4.02,EC,1709653854
149,parksville,49.3163,-124.3195,2.8,86,26,7.72,CA,1709653767
150,hit,33.6416,42.8251,18.31,37,1,0.61,IQ,1709653855
151,mozarlandia,-14.7447,-50.5706,28.76,66,86,1.28,BR,1709653855
152,quatre cocos,-20.2078,57.7625,27.06,77,100,6.12,MU,1709653855
153,dartmouth,44.6713,-63.5772,2.72,87,100,3.09,CA,1709653700
154,lastoursville,-0.8143,12.7287,29.7,69,79,1.74,GA,1709653855
155,petropavlovsk-kamchatsky,53.0452,158.6483,-12.53,86,40,4.92,RU,1709653855
156,olonkinbyen,70.9221,-8.7187,0.63,100,100,4.66,SJ,1709653855
157,taroa,8.7058,171.2275,26.45,71,91,11.93,MH,1709653855
158,vallenar,-28.5708,-70.7581,29.03,41,0,2.86,CL,1709653856
159,ardakan,32.31,54.0175,11.99,48,22,2.09,IR,1709653856
160,carutapera,-1.195,-46.02,30.51,64,98,3.06,BR,1709653856
161,tolanaro,-25.0319,46.9987,27.04,89,75,10.8,MG,1709653856
162,puerto aysen,-45.4,-72.7,18.42,76,78,2.4,CL,1709653856
163,ribeira grande,38.5167,-28.7,16.54,72,40,10.29,PT,1709653856
164,watampone,-4.5386,120.3279,26.17,89,95,1.63,ID,1709653856
165,irtyshsk,53.3333,75.4572,-7.77,91,77,5.61,KZ,1709653857
166,fantanele,46.1167,21.4,15.95,48,20,3.6,RO,1709653857
167,kodiak,57.79,-152.4072,1.73,93,100,7.2,US,1709653682
168,beira,-19.8436,34.8389,32.05,74,40,6.26,MZ,1709653857
169,kuta,-8.7233,115.1723,28.97,83,40,2.24,ID,1709653857
170,labrador city,52.9463,-66.9114,0.1,80,100,3.09,CA,1709653857
171,esil,51.9556,66.4042,-12.91,98,31,3.42,KZ,1709653857
172,codrington,-38.2667,141.9667,14.28,59,48,0.66,AU,1709653858
173,georgetown,5.4112,100.3354,27.96,88,20,0.51,MY,1709653858
174,longyearbyen,78.2186,15.6401,-3.09,93,75,1.54,SJ,1709653858
175,quellon,-43.1167,-73.6167,15.54,62,100,4.08,CL,1709653858
176,mendeleyevsk,55.9082,52.2905,-2.42,95,97,2.7,RU,1709653858
177,akureyri,65.6835,-18.0878,4.96,65,75,1.03,IS,1709653858
178,walvis bay,-22.9575,14.5053,25.53,50,0,7.79,NA,1709653858
179,bilibino,68.0546,166.4372,-23.44,100,97,0.69,RU,1709653858
180,utrik,11.2278,169.8474,26.35,80,79,11.61,MH,1709653859
181,caconda,-13.7333,15.0667,23.76,65,31,2.56,AO,1709653859
182,arkalyk,50.2486,66.9114,-9.88,95,56,5.03,KZ,1709653859
183,bredasdorp,-34.5322,20.0403,19.18,60,86,5.72,ZA,1709653859
184,'ain el turk,35.7438,-0.7693,21.5,52,40,4.12,DZ,1709653859
185,anadyr,64.75,177.4833,-10.72,92,100,1.0,RU,1709653651
186,west island,-12.1568,96.8225,27.99,83,75,4.12,CC,1709653859
187,karagandy,49.8019,73.1021,-10.03,92,14,3.97,KZ,1709653860
188,alice springs,-23.7,133.8833,26.79,41,40,3.09,AU,1709653860
189,sinan,34.8262,126.1086,7.06,85,100,2.83,KR,1709653860
190,dunedin,-45.8742,170.5036,9.89,71,70,3.58,NZ,1709653860
191,saudarkrokur,65.7461,-19.6394,2.68,82,88,2.99,IS,1709653860
192,esmeraldas,-19.7625,-44.3139,30.48,71,56,2.86,BR,1709653860
193,auki,-8.7676,160.7034,25.61,88,98,0.48,SB,1709653860
194,iqaluit,63.7506,-68.5145,-30.73,61,20,7.2,CA,1709653860
195,suva,-18.1416,178.4415,23.71,100,20,1.03,FJ,1709653861
196,coronel suarez,-37.4547,-61.9334,23.2,26,0,0.93,AR,1709653861
197,lorengau,-2.0226,147.2712,27.21,81,89,1.74,PG,1709653861
198,uturoa,-16.7333,-151.4333,28.21,79,100,5.46,PF,1709653861
199,invercargill,-46.4,168.35,8.9,88,99,3.58,NZ,1709653843
200,nizhniy kuranakh,58.8353,125.4869,-12.52,96,100,2.35,RU,1709653861
201,san juan de miraflores,-12.1629,-76.9635,24.29,75,65,3.81,PE,1709653861
202,brazzaville,-4.2658,15.2832,30.21,65,98,2.94,CG,1709653862
203,kulhudhuffushi,6.6221,73.07,28.43,76,62,3.49,MV,1709653862
204,yarmouth,41.7057,-70.2286,7.28,97,100,3.6,US,1709653862
205,holualoa,19.6228,-155.9522,19.91,92,75,2.06,US,1709653862
206,sinabang,2.4803,96.3801,25.92,90,100,3.39,ID,1709653862
207,nova vicosa,-17.8919,-39.3719,31.47,59,43,4.77,BR,1709653862
208,minot air force base,48.4209,-101.3391,-16.9,71,100,2.06,US,1709653862
209,leava,-14.3,-178.1667,28.51,77,43,4.74,WF,1709653862
210,neon karlovasion,37.7903,26.7044,14.87,71,58,4.06,GR,1709653863
211,mumford,5.2618,-0.759,27.96,80,100,6.47,GH,1709653863
212,muli,2.9167,73.5667,27.99,70,74,2.73,MV,1709653863
213,arti,56.4234,58.5328,-5.33,96,99,2.21,RU,1709653867
214,vadso,70.0744,29.7487,-2.91,86,20,5.66,NO,1709653867
215,uray,60.1247,64.7758,-20.24,100,32,1.71,RU,1709653868
216,kazanskoye,55.6448,69.235,-2.33,94,100,4.71,RU,1709653868
217,banda aceh,5.5577,95.3222,26.84,80,86,1.7,ID,1709653868
218,urangan,-25.3,152.9,24.55,72,69,2.68,AU,1709653868
219,kone,-21.0595,164.8658,24.43,85,100,1.56,NC,1709653868
220,al jubayl,27.0112,49.6583,19.02,60,0,5.24,SA,1709653868
221,prado,-17.3411,-39.2208,29.72,67,35,4.89,BR,1709653868
222,aasiaat,68.7098,-52.8699,-21.27,97,58,1.76,GL,1709653868
223,santiago del torno,-17.9833,-63.3833,27.1,92,100,2.3,BO,1709653869
224,adam,22.3756,57.5233,25.18,60,100,5.55,OM,1709653869
225,al kharijah,25.4514,30.5464,24.45,14,0,4.44,EG,1709653869
226,howrah,22.5892,88.3103,25.0,69,0,0.0,IN,1709653869
227,el calafate,-50.3408,-72.2768,14.17,52,99,3.55,AR,1709653869
228,fisterra,42.9049,-9.2629,14.3,64,24,6.16,ES,1709653869
229,amahai,-3.3333,128.9167,26.77,85,100,1.44,ID,1709653870
230,selfoss,63.9331,-20.9971,5.58,73,100,10.74,IS,1709653870
231,miles city,46.4083,-105.8406,-7.46,86,100,2.06,US,1709653870
232,barah,13.7,30.3667,29.31,6,6,4.36,SD,1709653870
233,nantucket,41.2835,-70.0995,8.06,93,100,5.14,US,1709653637
234,bellary,15.15,76.9333,30.95,25,26,4.13,IN,1709653870
235,kruisfontein,-34.0033,24.7314,17.81,73,9,10.73,ZA,1709653870
236,st. john's,47.5649,-52.7093,3.71,53,100,3.58,CA,1709653838
237,meadow lake,34.8014,-106.5436,10.93,44,7,1.54,US,1709653871
238,rio grande,-32.035,-52.0986,25.06,39,0,4.92,BR,1709653871
239,vodice,43.7608,15.7828,17.98,77,83,4.07,HR,1709653871
240,oroqen zizhiqi,50.5667,123.7167,-19.04,97,62,1.38,CN,1709653871
241,egersund,58.4513,5.9997,6.63,71,10,7.98,NO,1709653597
242,fort wellington,6.4,-57.6,28.81,66,80,4.58,GY,1709653871
243,hotan,37.0997,79.9269,6.13,37,90,1.84,CN,1709653871
244,mount pearl,47.5166,-52.7813,3.25,53,100,2.68,CA,1709653872
245,puente alto,-33.6167,-70.5833,28.19,28,0,2.57,CL,1709653872
246,raybag,16.4833,74.7833,25.99,35,3,5.66,IN,1709653872
247,noumea,-22.2763,166.4572,23.99,82,100,3.24,NC,1709653335
248,avarua,-21.2078,-159.775,26.03,83,20,3.09,CK,1709653872
249,new norfolk,-42.7826,147.0587,12.62,85,1,1.34,AU,1709653872
250,belokany,41.7258,46.4083,10.05,63,45,2.12,AZ,1709653872
251,lerwick,60.1545,-1.1494,6.0,83,91,14.42,GB,1709653873
252,pandan,14.0453,124.1694,24.43,85,0,2.64,PH,1709653873
253,porto novo,6.4965,2.6036,30.9,62,99,5.31,BJ,1709653776
254,kitimat,54.0524,-128.6534,-10.79,83,20,1.46,CA,1709653873
255,shimoda,34.6667,138.95,5.61,92,100,11.41,JP,1709653873
256,severo-yeniseyskiy,60.3725,93.0408,-7.46,82,100,4.02,RU,1709653873
257,lipayran,11.0593,123.6342,27.23,76,0,3.59,PH,1709653873
258,hargeysa,9.56,44.065,24.47,62,23,5.02,SO,1709653856
259,kaoma,-14.7833,24.8,21.78,82,98,2.9,ZM,1709653874
260,palikir - national government center,6.9248,158.1611,27.41,78,100,4.12,FM,1709653620
261,'anata,31.8082,35.2564,15.25,43,0,1.21,PS,1709653874
262,hasaki,35.7333,140.8333,4.22,90,100,8.15,JP,1709653874
263,margate,51.3813,1.3862,9.27,81,99,0.89,GB,1709653874
264,jaguaruana,-4.8339,-37.7811,30.97,63,100,1.55,BR,1709653875
265,asau,46.4333,26.4,5.71,72,100,1.3,RO,1709653875
266,ibiza,38.9088,1.433,17.34,56,20,4.12,ES,1709653875
267,luneville,48.6,6.5,10.94,74,82,3.37,FR,1709653875
268,santa quiteria do maranhao,-3.5156,-42.5467,31.91,61,98,1.17,BR,1709653875
269,port hedland,-20.3167,118.5667,30.03,74,100,3.09,AU,1709653875
270,cockburn town,21.4612,-71.1419,24.77,72,100,7.2,TC,1709653876
271,thunder bay,48.4001,-89.3168,-4.01,54,20,3.6,CA,1709653615
272,freetown,8.484,-13.2299,29.84,66,21,5.14,SL,1709653876
273,biharamulo,-2.6319,31.3089,19.61,87,79,1.74,TZ,1709653876
274,maceio,-9.6658,-35.7353,31.69,70,75,5.66,BR,1709653876
275,tokar,18.4254,37.729,25.13,66,1,4.8,SD,1709653876
276,kyzyl-suu,42.3414,78.0056,-7.43,61,20,4.87,KG,1709653876
277,talara,-4.5772,-81.2719,30.42,54,0,7.2,PE,1709653877
278,lathen,52.8667,7.3167,7.85,87,100,3.6,DE,1709653877
279,anatuya,-28.4606,-62.8347,27.91,42,3,3.61,AR,1709653877
280,den burg,53.0542,4.7972,8.88,92,100,2.57,NL,1709653877
281,xilin hot,43.9667,116.0333,-18.56,96,8,2.2,CN,1709653877
282,kourou,5.1552,-52.6478,30.03,72,92,3.1,GF,1709653878
283,college,64.8569,-147.8028,-8.44,77,100,0.0,US,1709653878
284,la'ie,21.6477,-157.9253,21.98,83,50,6.26,US,1709653878
285,rasos,54.669,25.2986,5.11,56,0,3.6,LT,1709653878
286,upata,8.0086,-62.3989,33.78,36,75,2.58,VE,1709653785
287,borgarnes,64.5383,-21.9206,7.03,80,100,6.23,IS,1709653879
288,kralendijk,12.15,-68.2667,30.99,62,75,6.17,BQ,1709653879
289,ust'-barguzin,53.45,108.9833,-13.25,95,93,1.18,RU,1709653879
290,isangel,-19.55,169.2667,27.06,89,75,0.0,VU,1709653879
291,itapecuru mirim,-3.3925,-44.3586,32.96,54,84,1.0,BR,1709653880
292,santyoku,37.4406,129.1708,5.61,92,100,6.72,KR,1709653880
293,boyolangu,-8.1181,111.8935,25.29,96,100,0.54,ID,1709653880
294,orchard homes,46.8633,-114.0484,-3.0,82,100,1.79,US,1709653881
295,port victoria,0.0939,33.9756,24.77,67,99,2.3,KE,1709653881
296,kokpekty,48.75,82.4,-19.56,99,71,1.31,KZ,1709653881
297,arraial do cabo,-22.9661,-42.0278,34.98,70,0,4.12,BR,1709653882
298,hamilton,39.1834,-84.5333,20.41,75,75,6.17,US,1709653882
299,caleta de carquin,-11.0925,-77.6267,25.86,73,99,3.92,PE,1709653882
300,rahatgarh,23.7833,78.3667,19.49,25,0,3.37,IN,1709653883
301,surin,14.8818,103.4936,30.48,43,0,4.99,TH,1709653883
302,pariaman,-0.619,100.12,26.03,88,97,1.79,ID,1709653883
303,kroya,-7.6331,109.2461,24.96,96,100,2.03,ID,1709653884
304,bukama,-9.2,25.85,22.07,97,100,2.76,CD,1709653884
305,raduzhny,62.0961,77.475,-14.52,93,100,6.9,RU,1709653885
306,shahrud,36.4182,54.9763,2.4,96,99,1.72,IR,1709653885
307,richards bay,-28.783,32.0377,26.31,76,87,9.27,ZA,1709653885
308,mount isa,-20.7333,139.5,24.87,83,90,0.0,AU,1709653886
309,as sulayyil,20.4607,45.5779,28.14,24,1,6.56,SA,1709653886
310,saint-philippe,-21.3585,55.7679,27.77,87,97,6.19,RE,1709653886
311,alesund,62.4723,6.1549,8.51,57,0,4.63,NO,1709653668
312,jemna,33.5778,9.0147,20.61,28,10,3.04,TN,1709653887
313,gracemere,-23.4333,150.45,23.95,73,40,4.12,AU,1709653887
314,tralee,52.2704,-9.7026,12.14,62,40,5.66,IE,1709653887
315,san patricio,28.017,-97.5169,26.03,68,1,3.51,US,1709653888
316,dryden,49.7833,-92.7503,-14.84,72,20,4.63,CA,1709653888
317,puerto lempira,15.2667,-83.7667,23.08,100,75,4.12,HN,1709653888
318,queenstown,-31.8976,26.8753,22.03,28,22,7.71,ZA,1709653888
319,pacific grove,36.6177,-121.9166,11.9,79,100,0.45,US,1709653888
320,ulysses,37.5814,-101.3552,3.02,70,100,7.2,US,1709653889
321,minas de marcona,-15.2119,-75.1103,23.0,65,49,5.48,PE,1709653889
322,xinyi,22.373,110.9475,23.99,81,0,0.68,CN,1709653889
323,roxas,11.5853,122.7511,25.08,83,2,2.38,PH,1709653889
324,sao joao da barra,-21.6403,-41.0511,34.05,71,3,3.31,BR,1709653889
325,culebra,18.303,-65.301,29.17,98,0,4.02,PR,1709653890
326,juan griego,11.0817,-63.9655,29.12,63,23,5.22,VE,1709653890
327,iskateley,67.6803,53.1512,-12.21,89,99,1.34,RU,1709653890
328,polyarnyy,69.1989,33.4478,-2.14,88,100,1.48,RU,1709653890
329,filipstad,59.7124,14.1683,0.59,83,94,4.65,SE,1709653890
330,tosontsengel,48.7567,98.2839,-18.54,95,99,1.13,MN,1709653890
331,laojunmiao,39.8333,97.7333,-8.49,57,68,3.26,CN,1709653891
332,nicoya,10.1483,-85.452,32.9,41,3,1.51,CR,1709653891
333,ola,59.5833,151.2833,-15.0,79,99,4.32,RU,1709653891
334,point hill,18.0899,-77.1076,26.59,63,0,2.72,JM,1709653891
335,nipomo,35.0428,-120.476,12.9,80,0,0.0,US,1709653891
336,aykhal,66.0,111.5,-23.52,100,68,1.23,RU,1709653891
337,puerto madero,14.7208,-92.4215,28.62,63,0,4.68,MX,1709653891
338,west bay,19.3667,-81.4167,29.04,65,20,4.63,KY,1709653892
339,bataipora,-22.2953,-53.2711,35.64,37,91,2.42,BR,1709653892
340,berezovo,63.9381,65.0419,-17.56,98,100,1.98,RU,1709653892
341,lebu,-37.6167,-73.65,16.07,74,34,7.43,CL,1709653892
342,dabhol,17.6,73.1667,22.45,59,9,4.01,IN,1709653892
343,pedernales,18.0384,-71.744,28.15,61,2,3.0,DO,1709653892
344,tra mhor,52.1624,-7.1524,11.7,72,20,4.12,IE,1709653892
345,broken hill,-31.95,141.4333,24.1,14,7,3.39,AU,1709653893
346,wanxian,30.8039,108.3897,13.43,81,100,2.0,CN,1709653893
347,ostersund,63.1792,14.6357,0.34,93,100,3.6,SE,1709653893
348,lazaro cardenas,17.9583,-102.2,26.05,49,8,0.84,MX,1709653893
349,illizi,26.4833,8.4667,22.89,14,1,5.04,DZ,1709653893
350,sabha,27.0377,14.4283,23.03,18,0,3.9,LY,1709653893
351,kerikeri,-35.2268,173.9474,12.73,91,58,2.04,NZ,1709653893
352,kazerun,29.6195,51.6541,12.04,64,14,1.92,IR,1709653894
353,flin flon,54.7682,-101.865,-23.09,84,20,0.0,CA,1709653476
354,heniches'k,46.1759,34.8034,5.39,93,67,5.67,UA,1709653894
355,bida,9.0833,6.0167,41.41,19,100,2.25,NG,1709653894
356,urcos,-13.6861,-71.6228,15.94,72,99,2.25,PE,1709653894
357,port augusta,-32.5,137.7667,27.43,32,93,1.98,AU,1709653894
358,myitkyina,25.3833,97.4,20.41,59,22,1.45,MM,1709653894
359,ashburton,-37.8626,145.0794,19.1,65,79,1.49,AU,1709653894
360,anna regina,7.2644,-58.5077,28.79,64,57,4.27,GY,1709653895
361,sabang,5.8933,95.3214,28.55,74,89,3.28,ID,1709653895
362,kayangel,8.0823,134.7173,26.97,80,2,7.04,PW,1709653895
363,tshikapa,-6.4167,20.8,24.03,89,100,1.25,CD,1709653895
364,bikenibeu village,1.3673,173.1241,26.98,94,75,3.09,KI,1709653895
365,port alfred,-33.5906,26.891,21.21,74,5,4.92,ZA,1709653895
366,yoloten,37.2989,62.3597,9.11,67,100,3.36,TM,1709653895
367,angaur state,6.906,134.13,27.27,75,11,7.59,PW,1709653896
368,karratha,-20.7377,116.8463,28.34,79,93,2.46,AU,1709653896
369,rosarito,32.3333,-117.0333,13.53,68,100,2.81,MX,1709653896
370,chagoda,59.164,35.3285,-9.1,95,15,1.34,RU,1709653896
371,okha,53.5739,142.9478,-23.52,100,84,2.52,RU,1709653896
372,sanghar,26.0466,68.9481,19.28,12,12,4.06,PK,1709653896
373,tari,12.4086,4.4914,42.11,7,72,3.32,NG,1709653896
374,markala,13.7021,-6.0659,38.94,7,24,3.69,ML,1709653896
375,chibougamau,49.9168,-74.3659,3.79,100,100,3.09,CA,1709653897
376,tadine,-21.55,167.8833,25.51,82,100,5.08,NC,1709653897
377,tekkali,18.6167,84.2333,25.98,72,62,1.9,IN,1709653897
378,gadzhiyevo,69.2551,33.3362,-2.75,88,100,1.77,RU,1709653897
379,puerto baquerizo moreno,-0.9,-89.6,26.55,83,40,2.06,EC,1709653897
380,kuanda,56.3161,116.0806,-17.93,98,99,0.25,RU,1709653897
381,geraldton,-28.7667,114.6,23.23,78,0,6.17,AU,1709653897
382,kristiansund,63.1115,7.732,8.36,53,0,2.57,NO,1709653898
383,yankton,42.8711,-97.3973,-0.86,64,100,4.63,US,1709653898
384,robore,-18.3333,-59.75,28.05,78,40,0.0,BO,1709653898
385,hengchun,22.0042,120.7439,24.6,87,10,7.12,TW,1709653898
386,tabou,4.423,-7.3528,29.77,73,64,5.54,CI,1709653898
387,luderitz,-26.6481,15.1594,20.64,64,44,8.09,NA,1709653898
388,gebeit,21.0667,36.3167,24.57,30,0,4.35,SD,1709653898
389,ambatondrazaka,-17.8333,48.4167,22.61,94,100,1.32,MG,1709653898
390,corner brook,48.9667,-57.9484,0.09,63,94,2.85,CA,1709653899
391,moanda,-1.5575,13.2178,29.55,65,80,3.04,GA,1709653899
392,greifswald,54.1,13.3833,3.93,100,98,6.2,DE,1709653899
393,kota kinabalu,5.9749,116.0724,26.99,89,20,2.57,MY,1709653899
394,suez,29.9737,32.5263,21.2,30,0,2.57,EG,1709653899
395,purranque,-40.9167,-73.1667,20.16,39,99,1.06,CL,1709653899
396,kirakira,-10.4544,161.9205,26.69,83,100,2.96,SB,1709653900
397,boa vista,2.8197,-60.6733,31.99,45,20,5.66,BR,1709653900
398,winslow,35.0242,-110.6974,1.1,69,0,2.57,US,1709653900
399,bubaque,11.2833,-15.8333,27.56,53,1,5.95,GW,1709653900
400,pudozh,61.8099,36.5345,-10.68,99,76,1.33,RU,1709653900
401,zaozersk,69.4005,32.4476,-7.43,98,97,2.22,RU,1709653900
402,udachny,66.4167,112.4,-26.92,100,98,1.07,RU,1709653900
403,castillos,-34.1667,-53.8333,21.21,45,55,5.59,UY,1709653900
404,arno,60.1167,18.6333,0.44,85,78,3.82,SE,1709653901
405,itaituba,-4.2761,-55.9836,31.09,70,40,1.54,BR,1709653901
406,susuman,62.7833,148.1667,-23.34,99,97,1.79,RU,1709653901
407,bayanhongor,46.7167,100.1167,-25.65,83,42,1.99,MN,1709653901
408,rawson,-43.3002,-65.1023,19.9,41,26,9.06,AR,1709653901
409,mora,11.0461,14.1401,40.45,8,42,5.43,CM,1709653901
410,guru har sahai,30.7167,74.4167,12.73,25,63,1.58,IN,1709653901
411,gargalianoi,37.0667,21.6333,13.34,72,21,7.85,GR,1709653901
412,fort irwin,35.2627,-116.6848,5.9,75,0,0.0,US,1709653902
413,katsuren-haebaru,26.3369,127.8719,25.43,90,75,8.23,JP,1709653902
414,arkhangel'sk,64.5401,40.5433,-2.94,100,100,4.0,RU,1709653902
415,gao,16.6362,1.637,37.21,7,6,4.53,ML,1709653902
416,covington,39.0837,-84.5086,20.68,76,75,6.17,US,1709653902
417,inari,68.906,27.0288,-2.89,95,71,1.18,FI,1709653902
418,zhenzhou,32.2692,119.1789,6.05,87,100,4.87,CN,1709653902
419,belley,45.8333,5.6667,8.24,92,100,1.3,FR,1709653902
420,san andres,12.5847,-81.7006,30.01,62,20,3.09,CO,1709653902
421,kichmengskiy gorodok,59.9816,45.7854,-12.81,94,29,1.34,RU,1709653903
422,akita,39.7167,140.1167,1.05,67,100,2.36,JP,1709653806
423,xinyang,32.1228,114.0656,6.88,86,93,3.19,CN,1709653903
424,santarem,-2.4431,-54.7083,30.07,70,40,4.12,BR,1709653903
425,esquel,-42.9,-71.3167,20.47,28,100,2.38,AR,1709653903
426,malanje,-9.5402,16.341,22.79,91,100,2.47,AO,1709653903
427,mossel bay,-34.1831,22.146,18.96,71,43,8.33,ZA,1709653903
428,mambajao,9.2504,124.7156,26.3,88,23,3.57,PH,1709653904
429,nemuro,43.3236,145.575,-4.63,87,100,1.94,JP,1709653904
430,sarmiento,-45.5882,-69.07,17.75,34,100,7.22,AR,1709653904
431,ulsteinvik,62.3432,5.8487,8.5,72,3,2.21,NO,1709653904
432,uglegorsk,49.0833,142.0333,-11.89,77,57,2.6,RU,1709653904
433,callao,-12.0667,-77.15,25.16,78,20,2.57,PE,1709653904
434,yazihan,38.5947,38.18,13.15,38,75,4.12,TR,1709653904
435,pumiao,22.75,108.4833,23.22,85,0,4.99,CN,1709653905
436,beyneu,45.3167,55.2,4.04,59,26,4.11,KZ,1709653905
437,fortuna,40.5982,-124.1573,9.81,97,100,3.13,US,1709653905
438,nizhniy ingash,56.2,96.53,-10.31,95,86,2.06,RU,1709653905
439,greymouth,-42.4667,171.2,7.83,88,14,3.13,NZ,1709653905
440,gueret,46.1667,1.8667,4.85,90,100,3.57,FR,1709653906
441,zainsk,55.3195,52.0694,-2.45,98,100,1.83,RU,1709653906
442,ouallam,14.3188,2.0866,40.3,5,28,4.55,NE,1709653906
443,qarauyl,48.9451,79.255,-12.94,79,10,3.01,KZ,1709653906
444,yemetsk,63.4721,41.7941,-1.75,93,100,2.3,RU,1709653906
445,sao caetano de odivelas,-0.75,-48.02,28.76,73,100,1.97,BR,1709653906
446,"poblacion, san felipe",14.5665,121.0308,27.83,81,20,2.24,PH,1709653907
447,hadibu,12.65,54.0333,27.03,76,38,1.07,YE,1709653907
448,coquimbo,-29.9533,-71.3436,18.85,82,100,3.09,CL,1709653907
449,navia,43.5354,-6.7194,13.72,57,79,2.01,ES,1709653907
450,south hedland,-20.4089,118.5983,29.96,74,100,3.09,AU,1709653907
451,santa cruz del norte,23.1539,-81.9236,27.0,65,91,4.37,CU,1709653907
452,hithadhoo,-0.6,73.0833,28.61,75,100,3.56,MV,1709653907
453,nizhnesortymskiy,62.4397,71.7603,-21.07,99,42,4.71,RU,1709653907
454,progreso,21.2833,-89.6667,31.09,59,40,5.71,MX,1709653908
455,broome,42.2506,-75.833,10.5,92,100,3.09,US,1709653908
456,andergrove,-21.0833,149.1833,25.58,83,36,6.84,AU,1709653908
457,luwuk,-0.9516,122.7875,26.21,89,99,1.05,ID,1709653908
458,senigallia,43.7093,13.2167,16.27,70,87,2.06,IT,1709653908
459,potosi,-19.5836,-65.7531,6.48,100,100,2.57,BO,1709653908
460,sinop,41.7711,34.8709,7.24,57,98,2.5,TR,1709653908
461,tocopilla,-22.092,-70.1979,23.6,73,84,2.34,CL,1709653908
462,ghat,24.9647,10.1728,24.88,12,0,4.68,LY,1709653909
463,kalemie,-5.9475,29.1947,22.96,82,94,4.41,CD,1709653909
464,mikuni,36.2171,136.1519,3.95,93,100,9.68,JP,1709653909
465,neftekamsk,56.092,54.2703,-4.84,96,100,1.79,RU,1709653909
466,casablanca,33.5928,-7.6192,19.12,72,75,4.12,MA,1709653695
467,nampula,-15.1165,39.2666,26.97,78,75,2.24,MZ,1709653909
468,zindah jan,34.3426,61.7468,8.46,71,100,4.67,AF,1709653909
469,ixtapa,20.7,-105.2,17.57,82,20,2.06,MX,1709653910
470,trondheim,63.4305,10.3951,8.05,84,23,3.15,NO,1709653665
471,socorro,31.6546,-106.3033,16.84,36,20,3.6,US,1709653910
472,filadelfia,39.9523,-75.1638,8.2,96,100,7.2,US,1709653754
473,koysinceq,36.0821,44.6278,11.36,54,24,1.75,IQ,1709653910
474,puerto santa,-8.9906,-78.6456,24.6,76,49,3.46,PE,1709653910
475,el vigia,8.6219,-71.6506,30.78,60,55,2.58,VE,1709653910
476,mahina,-17.5065,-149.489,26.87,78,20,2.06,PF,1709653911
477,kanazawa,36.5944,136.6256,4.0,96,100,8.34,JP,1709653729
478,pailon,-17.65,-62.75,28.5,96,100,3.32,BO,1709653911
479,puerto leguizamo,-0.1934,-74.7819,28.59,83,70,1.35,CO,1709653911
480,tonghae,37.5439,129.1069,5.38,92,100,6.14,KR,1709653911
481,burutu,5.3509,5.5076,31.3,63,99,6.63,NG,1709653911
482,sur,22.5667,59.5289,23.93,67,17,9.07,OM,1709653911
483,tokmak,47.2514,35.7058,9.18,61,100,2.36,UA,1709653912
484,constantia,44.1833,28.65,7.61,84,34,5.15,RO,1709653912
485,mata-utu,-13.2816,-176.1745,28.09,78,6,3.72,WF,1709653912
486,suhbaatar,50.2314,106.2078,-19.66,100,97,0.31,MN,1709653912
487,ormara,25.2088,64.6357,21.34,39,15,2.0,PK,1709653912
488,tomatlan,19.9333,-105.25,27.59,28,17,0.77,MX,1709653912
489,pangai,-19.8,-174.35,27.88,79,6,7.0,TO,1709653912
490,corumba,-19.0092,-57.6533,32.84,70,40,2.06,BR,1709653912
491,east ballina,-28.8667,153.5833,19.89,77,100,2.6,AU,1709653912
492,belmonte,-15.8631,-38.8828,30.52,62,60,3.55,BR,1709653913
493,newman,37.3138,-121.0208,8.46,90,100,1.34,US,1709653742
494,las heras,-46.5419,-68.9359,18.51,29,100,8.96,AR,1709653913
495,zakamensk,50.3741,103.2863,-16.56,96,100,1.26,RU,1709653913
496,lautoka,-17.6167,177.4667,23.92,83,20,2.06,FJ,1709653913
497,villa gesell,-37.2639,-56.973,18.92,53,62,7.86,AR,1709653913
498,gurupi,-11.7292,-49.0686,29.29,64,85,2.21,BR,1709653913
499,revda,56.801,59.9303,-7.71,93,90,2.71,RU,1709653913
500,swakopmund,-22.6833,14.5333,25.47,78,77,3.13,NA,1709653913
501,kyshtovka,56.555,76.6271,-3.14,93,100,7.15,RU,1709653914
502,kerema,-7.9631,145.7785,26.51,86,99,1.33,PG,1709653914
503,port douglas,-16.4833,145.4667,26.55,87,100,4.22,AU,1709653914
504,poteau,35.0537,-94.6236,18.88,68,100,1.54,US,1709653914
505,gamboma,-1.8764,15.8644,29.04,62,91,4.09,CG,1709653914
506,sirre,8.3167,39.4833,22.25,58,93,3.76,ET,1709653914
507,buenos aires,-34.6132,-58.3772,22.75,43,0,4.47,AR,1709653801
508,axim,4.8699,-2.2405,28.92,73,100,5.16,GH,1709653915
509,taulaga,-11.0553,-171.0883,28.65,74,26,3.84,AS,1709653915
510,al khums,32.6486,14.2619,16.09,60,0,8.79,LY,1709653915
511,turkmenbasy,40.0222,52.9552,7.43,65,0,4.12,TM,1709653915
512,jaisalmer,26.9147,70.9181,18.16,15,45,3.69,IN,1709653915
513,urdinarrain,-32.6857,-58.8932,25.38,37,0,3.28,AR,1709653915
514,carnarvon,-24.8667,113.6333,25.74,81,0,7.96,AU,1709653915
515,gamay,12.3854,125.2979,23.96,89,3,2.28,PH,1709653916
516,puerto ayacucho,5.6639,-67.6236,37.45,34,57,0.8,VE,1709653916
517,al hudaydah,14.7978,42.9545,29.52,63,5,3.94,YE,1709653916
518,olinda,-8.0089,-34.8553,30.85,74,40,5.66,BR,1709653620
519,nadi,-17.8,177.4167,24.0,83,20,2.06,FJ,1709653842
520,kilju,40.9642,129.3278,-3.4,71,43,1.51,KP,1709653916
521,tulare,36.2666,-118.8009,7.79,80,14,0.69,US,1709653916
522,estancia,-11.2683,-37.4383,33.55,47,99,3.92,BR,1709653916
523,tarawa,1.419,172.984,27.05,94,75,3.09,KI,1709653916
524,sao gabriel da cachoeira,-0.1303,-67.0892,30.89,74,0,3.6,BR,1709653917
525,cuamba,-14.8031,36.5372,22.71,95,100,0.9,MZ,1709653917
526,saint-pierre,-21.3393,55.4781,27.82,78,100,1.54,RE,1709653917
527,shakawe,-18.3667,21.85,31.82,30,84,2.9,BW,1709653917
528,badagara,11.6,75.5833,26.46,78,37,3.57,IN,1709653917
529,grand falls-windsor,48.9332,-55.6649,3.61,29,56,2.68,CA,1709653917
530,roma,43.2128,-75.4557,12.12,85,100,6.69,US,1709653917
531,huarmey,-10.0681,-78.1522,25.7,74,82,3.77,PE,1709653917
532,fort st. john,56.2499,-120.8529,-22.06,84,20,2.06,CA,1709653917
533,alcaniz,41.05,-0.1333,13.73,35,5,7.31,ES,1709653917
534,kirillov,59.863,38.3813,-9.45,95,23,1.6,RU,1709653918
535,kaya,13.0917,-1.0844,39.58,6,56,5.67,BF,1709653918
536,pekanbaru,0.5333,101.45,25.18,100,20,2.06,ID,1709653918
537,cova figueira,14.8905,-24.2934,20.96,70,36,8.41,CV,1709653918
538,soderhamn,61.3037,17.0592,0.53,97,82,1.6,SE,1709653918
539,camana,-16.6228,-72.7111,24.16,80,98,3.28,PE,1709653918
540,potenza,40.6443,15.8086,10.51,70,97,0.45,IT,1709653918
541,ikaalinen,61.7695,23.0658,2.1,95,28,1.2,FI,1709653918
542,lerma,42.0261,-3.7598,8.31,44,48,2.74,ES,1709653919
543,studenka,49.7234,18.0785,9.48,81,100,3.6,CZ,1709653919
544,mudanya,40.3753,28.8822,10.25,88,87,1.37,TR,1709653919
545,deogarh,21.5333,84.7333,25.02,33,3,2.68,IN,1709653919
546,sanctuary point,-35.1114,150.629,19.86,82,24,3.37,AU,1709653919
547,minato,34.1833,135.2,7.53,96,100,5.18,JP,1709653919
548,brandon,27.9378,-82.2859,25.05,86,40,3.6,US,1709653919
549,burang,30.25,81.1667,-9.83,96,100,2.43,CN,1709653919
550,vilyuysk,63.7553,121.6247,-30.46,100,99,0.78,RU,1709653920
551,simanggang,1.2472,111.4528,25.99,94,100,0.0,MY,1709653920
552,midvagur,62.0511,-7.1939,7.46,81,100,13.89,FO,1709653920
553,buturlino,55.5667,44.8974,-4.05,94,100,3.69,RU,1709653920
554,lerik,38.7726,48.4128,3.4,85,34,0.57,AZ,1709653920
555,yeppoon,-23.1333,150.7333,23.88,81,69,8.92,AU,1709653920
556,lompoc,34.6391,-120.4579,13.21,66,0,2.06,US,1709653920
557,morehead city,34.7229,-76.726,18.9,82,40,4.12,US,1709653825
558,afif,23.9065,42.9172,22.33,17,0,4.47,SA,1709653920
559,virginia beach,36.8529,-75.978,14.47,89,100,3.09,US,1709653921
560,salekhard,66.53,66.6019,-22.17,95,100,3.04,RU,1709653921
561,kayes,14.0,-11.0,39.71,7,79,0.7,ML,1709653921
562,smithers,54.7804,-127.1743,-21.82,84,0,1.54,CA,1709653921
563,sydney mines,46.2367,-60.2177,5.38,71,75,6.69,CA,1709653921
564,baley,51.6,116.6333,-20.66,98,61,1.84,RU,1709653921
